file,text,age,gender,diagnosis,symptoms,procedures,medications
PA01.pdf,"Discharge Summary
Patient Name : PA01 Age / Sex : 10 Y/ Male
Address : IPD No. :
UHID No. : Discharge Date : 11/04/2024 20:14
Mob No. : Ward :
Admission Date : 09/04/2024 20:08 Category :
Room No. :
Department : General Surgery
Doctor Incharge :
ICD CODE :
.
(L02.31)
FINAL DIAGNOSIS :
RIGHT GLUTEAL ABSCESS
CHIEF COMPLAINTS & REASON FOR ADMISIION :
C\O- FEVER WITH H\O VOMITING
- PAIN IN RIGHT HYPOCHONDRIUM REGION
-BURNING MICTURITION
-PAIN WITH SWELLING RIGHT GLUTEAL REGION
-
HISTORY :
10 YEARS OLD MALE PATIENT PRESENTED IN OUR HOSPITAL WITH C\O FEVER WITH H\O VOMITING
SINCE 7-8 DAYS WITH BURNING MICTURITION WITH PAIN RIGHT HYPOCHONDRIUM WITH PAIN WITH
SWELLING RIGHT GLUTEAL REGION .THEN PATIENT GOT ADMITTED IN OUR HOSPITAL FOR FURTHER
INVESTIGATIONS AND MANAGEMENT .
N\H\O ANY PAST ILLNESS
LOCAL EXAMINATION :
CVS-S1 S2 +
PR: 82/MIN, BP: 100\60MMHG, RR: 22/MIN, TEMP: 98.6°F-
CHEST -B\L A\E +
CNS - CONSCIOUS\ORIENTED .
ABDOMEN SOFT BS +
Discharge Summary
HOSPITAL COURSE & TREATMENT GIVEN :
10 YEARS OLD MALE PATIENT PRESENTED WITH ABOVE MENTIONED COMPLAINTS AND MANAGED AT
THE HOSPITAL WITH I\V FLUIDS WITH I\V ANTIBIOTICS ,PPI,ANALGESICS AND ALL OTHER NECESSARY
SUPPORTIVE MEASURES .ALL NECESSARY INVESTIGATIONS WERE DONE DURING HOSPITALIZATION
.UNDER SPINAL ANAESTHESIA INCISION AND DRAINAGE WAS DONE ON 10\4\24 .PATIENT WAS STABLE
DURING HOSPITAL STAY .NOW PATIENT IS IN THE CONDITION TO GET DISCHARGE .SO PATIENT IS
BEING DISCHARGED IN SATISFACTORY CONDITION ON MEDICATIONS WITH GCS E4V5M6 .
SURGERY DETAILS :
DIAGNOSIS - RIGHT GLUTEAL ABSCESS
PROCEDURE - INCISION AND DRAINAGE
ANAESTHESIA - SPINAL
SURGEON -
ANESTHETIC-
CONDITION AT DISCHARGE :
GCS E4V5M6 ,ON ROOM AIR,VITALS STABLE
ADVISE ON DISCHARGE :
ASD DAILY
HIGH PROTEIN DIET
FOLLOW UP DETAIL :
FOLLOW UP AFTER 5 DAYS TO GENERAL SURGERY OPD
Discharge Summary
WHEN AND HOW TO OBTAIN EMERGENCY CARE :
PLEASE LOOK FOR FOLLOWING SIGNS & SYMPTOMS LIKE
- PERSISTANT FEVER
- PUS DISCHARGE FROM SURGICAL SITE
-DECREASED URINE OUTPUT
-BLEEDING FROM SURGICAL SITE
INVESTIGATION :
( 2024-04-10 )
BLOOD NIL, CASTS , CHEMICAL EXAMINTAION , COLOUR PALE YELLOW, CRYSTALS NIL, EPITHELIAL
CELLS NIL, KETONE BODIES NIL, MICROSCOPIC EXAMINATION *, OTHERS NIL, PROTEINS NIL, PUS CELLS
2-3, QUANTITY 20, R B C (RED BLOOD CELLS) NIL, SUGAR NIL, TRANSPARENCY CLEAR, URINE FOR PH
6.0, URINE ROUTINE MICROSCOPY EXAMINATION *, URINE SPECIAL TEST 1.015, UROBILINOGEN ,
DEPOSITS NIL, LEUCOCYTES NIL, BILIRUBIN , NITRITE , BACTERIA NIL, YEAST , ANTI HEPATITIS C
VIRUS (HCV) BY CARD METHOD NON- REACTIVE , HBSAG(CARD METHOD) NEGATIVE, HIV-1 &2(CARD
METHOD) NEGATIVE,
( 2024-04-11 )
BASOPHIL 00, COMPLETE BLOOD COUNTS , DIFFERENTIAL LEUCOCYTE COUNT , EOSINOPHIL 01,
HAEMOGLOBIN (HB) 9.2, LYMPHOCYTES 24, M C H 20.8, M C H C 33.7, M C V 61.8, MONOCYTE 06,
NEUTROPHIL 69, PLATELET COUNT 1.36, R B C (RED BLOOD CELLS) 4.16, TOTAL LEUCOCYTE COUNT
(TLC) 7100, RDW 15.1, PACKED CELL VOLUME 25.7,
ADVICE ON DISCHARGE MEDICINE Dose Frequency Morning Noon Evening Night Days
1 TAB. AUGMENTIN 375MG TWICE A DAY Yes No No Yes 5
2 TAB. LANZOL JUNIOR 1 TAB. ONCE A DAY BEFORE Yes No No No 5
3 TAB. ZERODOL SP HALF TAB B Yes No No Yes 5
4 TAB. TAMSULOSIN 0.2MG TWICE A DAY Yes No No No 5
5 TAB. DROTIN HALF TAB ONCE A DAY Yes No No Yes 3
TWICE A DAY
",10,Male,Right Gluteal Abscess,"fever, vomiting, pain, burning micturition",DIAGNOSIS - RIGHT GLUTEAL ABSCESS PROCEDURE - INCISION AND DRAINAGE ANAESTHESIA - SPINAL SURGEON - ANESTHETIC-,TWICE A DAY
PA02.pdf,"Discharge Summary
Patient Name : PA02 Age / Sex : 52 Y/ Female
Address : IPD No. :
UHID No. : Discharge Date : 03/10/2025 11:59
Mob No. : Ward :
Admission Date : 30/09/2025 06:37 Category :
Room No. :
Department : Internal Medicine
Doctor Incharge :
ICD CODE :
.
FINAL DIAGNOSIS :
DENGUE FEVER
CHIEF COMPLAINTS & REASON FOR ADMISIION :
FEVER FROM 5-6 DAYS ON AND OFF WITH DECREASED PLATELET COUNT.
BODYACHE \NAUSEA
GEN WEAKNESSS
DECREASED APPETITE
HISTORY :
NA
LOCAL EXAMINATION :
CONSCIOUS
PR: 82/MIN, BP: 130/80 MMHG, RR: 18/MIN, TEMP: AFEBRILE°F
CHEST -B/L AE +VE
ABDOMEN -SOFT ,NON DISTENDED
CVS -S1S2 +VE
CNS - NORMAL
HOSPITAL COURSE & TREATMENT GIVEN :
A 52 YEARS FEMALE PATIENT CAME TO HOSPITAL WITH ABOVE MENTIONED COMPLAINTS .ALL ROUTINE
INVESTIGATION WAS DONE .PATIENT FOUND TO BE NSIAG +. PATIENT WAS MANAGED WITH I/V FLUIDS
AND I/V MEDICATIONS AND MANAGED CONSERVATEVILY.NOW PATIENT IS BEING DISCHARGED IN
STABLE CONDITION .
SURGERY DETAILS :
NA
Discharge Summary
CONDITION AT DISCHARGE :
STABLE
ADVISE ON DISCHARGE :
PLENTY OF FLUIDS INTAKE
WATCH FOR BLEEDING MANIFESTATION
ADEQUATE HYDRATION
FOLLOW UP DETAIL :
FOLOW UP IN OPD ON MONDAY 06/10/25
WHEN AND HOW TO OBTAIN EMERGENCY CARE :
PLEASE LOOK FOR FOLLOWING SIGNS & SYMPTOMS LIKE
ACTIVE BLEED
HIGH GRADE FEVER
SOB
Discharge Summary
INVESTIGATION :
( 2025-09-30 )
BASOPHIL 00, COMPLETE BLOOD COUNTS , COMPLETE BLOOD COUNTS *, DIFFERENTIAL LEUCOCYTE
COUNT , DIFFERENTIAL LEUCOCYTE COUNT *, EOSINOPHIL 01, HAEMOGLOBIN (HB) 13.8, HAEMOGLOBIN
(HB) 14.6, LYMPHOCYTES 21, LYMPHOCYTES 25, M C H 27.1, M C H 29.2, M C H C 31.7, M C H C 33.9, M
C V 85.4, M C V 86.1, MONOCYTE 05, MONOCYTE 09, NEUTROPHIL 65, NEUTROPHIL 73, PLATELET
COUNT 1.01, PLATELET COUNT 1.08, R B C (RED BLOOD CELLS) 4.98, R B C (RED BLOOD CELLS) 5.11,
TOTAL LEUCOCYTE COUNT (TLC) 2100, TOTAL LEUCOCYTE COUNT (TLC) 2500, RDW 13.5, PACKED CELL
VOLUME 42.9, PACKED CELL VOLUME 43.6, DENGUE IGG NEGATIVE, DENGUE IGM NEGATIVE, DENGUE
NS1 ANTIGEN POSITIVE, CHLORIDE 96.3, ELECTROLYTES , POTASSIUM 3.72, SODIUM 132.2, HBA1C 4.7,
A/G RATIO 1.2, SERUM ALKALINE PHOSPHATASE 70.2, ALT/SGPT 24.8, AST / SGOT 26.8, CONJUGATED
(D. BILIRUBIN) 0.17, SERUM GLOBULIN 2.6, SERUM ALBUMIN 3.3, TOTAL BILIRUBIN 0.32, TOTAL
PROTEIN 5.9, BILIRUBIN,INDIRECT 0.20, BLOOD UREA 14.4, BLOOD UREA NITROGEN (BUN) 7.2, RENAL
FUNCTION TEST *, SERUM CREATININE 0.90, SERUM URIC ACID 3.02, BLOOD NIL, CASTS , CHEMICAL
EXAMINTAION , COLOUR PALE YELLOW, CRYSTALS NIL, EPITHELIAL CELLS 4-5, KETONE BODIES
NEGATIVE, MICROSCOPIC EXAMINATION , OTHERS , PROTEINS NIL, PUS CELLS 7-8, QUANTITY 40ML, R B
C (RED BLOOD CELLS) 0-1, SPECIFIC GRAVITY 1.005, SUGAR NIL, TRANSPARENCY TURBID, URINE FOR
PH 8.0, URINE ROUTINE MICROSCOPY EXAMINATION , UROBILINOGEN NORMAL, DEPOSITS PRESENT,
LEUCOCYTES +, BILIRUBIN NIL, NITRITE , BACTERIA TRACE, YEAST , ANTI HEPATITIS C VIRUS (HCV) BY
CARD METHOD NON REACTIVE, HBSAG(CARD METHOD) NON REACTIVE, HIV-1 &2(CARD METHOD) NON
REACTIVE, WIDAL TEST , TPHI DOT NEGATIVE,
( 2025-10-01 )
BASOPHIL 00, COMPLETE BLOOD COUNTS , COMPLETE BLOOD COUNTS *, DIFFERENTIAL LEUCOCYTE
COUNT , DIFFERENTIAL LEUCOCYTE COUNT *, EOSINOPHIL 01, EOSINOPHIL 02, HAEMOGLOBIN (HB)
13.3, HAEMOGLOBIN (HB) 13.6, HAEMOGLOBIN (HB) 14.0, LYMPHOCYTES 42, LYMPHOCYTES 52,
LYMPHOCYTES 54, M C H 27.6, M C H 28.0, M C H 28.3, M C H C 32.4, M C H C 32.5, M C H C 33.3, M C V
85.2, M C V 86.3, MONOCYTE 09, MONOCYTE 10, MONOCYTE 12, NEUTROPHIL 35, NEUTROPHIL 36,
NEUTROPHIL 46, PLATELET COUNT 0.84, PLATELET COUNT 0.88, PLATELET COUNT 0.91, R B C (RED
BLOOD CELLS) 4.77, R B C (RED BLOOD CELLS) 4.85, R B C (RED BLOOD CELLS) 4.94, TOTAL LEUCOCYTE
COUNT (TLC) 2300, TOTAL LEUCOCYTE COUNT (TLC) 2500, TOTAL LEUCOCYTE COUNT (TLC) 3700, RDW
13.3, RDW 13.6, RDW 13.8, PACKED CELL VOLUME 40.6, PACKED CELL VOLUME 41.9, PACKED CELL
VOLUME 42.1, CHLORIDE 97.8, ELECTROLYTES , POTASSIUM 4.24, SODIUM 138.8, A/G RATIO 1.2,
SERUM ALKALINE PHOSPHATASE 62.0, ALT/SGPT 35.0, AST / SGOT 36.0, CONJUGATED (D. BILIRUBIN)
0.15, SERUM GLOBULIN 2.4, SERUM ALBUMIN 3.0, TOTAL BILIRUBIN 0.39, TOTAL PROTEIN 5.4,
BILIRUBIN,INDIRECT 0.2, BLOOD UREA 11.0, BLOOD UREA NITROGEN (BUN) 5.5, RENAL FUNCTION TEST
*, SERUM CREATININE 0.71, SERUM URIC ACID 2.47,
Discharge Summary
( 2025-10-02 )
BASOPHIL 00, COMPLETE BLOOD COUNTS , COMPLETE BLOOD COUNTS *, DIFFERENTIAL LEUCOCYTE
COUNT , DIFFERENTIAL LEUCOCYTE COUNT *, EOSINOPHIL 01, HAEMOGLOBIN (HB) 13.3, HAEMOGLOBIN
(HB) 13.8, HAEMOGLOBIN (HB) 14.8, LYMPHOCYTES 42, LYMPHOCYTES 45, LYMPHOCYTES 47, M C H
29.3, M C H 29.4, M C H C 34.1, M C H C 34.4, M C H C 34.8, M C V 84.6, M C V 85.5, M C V 85.9,
MONOCYTE 13, NEUTROPHIL 39, NEUTROPHIL 41, NEUTROPHIL 44, PLATELET COUNT 1.05, PLATELET
COUNT 1.13, PLATELET COUNT 1.15, R B C (RED BLOOD CELLS) 4.52, R B C (RED BLOOD CELLS) 4.70, R
B C (RED BLOOD CELLS) 5.04, TOTAL LEUCOCYTE COUNT (TLC) 3800, TOTAL LEUCOCYTE COUNT (TLC)
4000, TOTAL LEUCOCYTE COUNT (TLC) 4200, RDW 13.3, RDW 13.4, RDW 13.8, PACKED CELL VOLUME
38.7, PACKED CELL VOLUME 39.8, PACKED CELL VOLUME 43.3, CHLORIDE 103, ELECTROLYTES *,
POTASSIUM 4.23, SODIUM 143, A/G RATIO 1.2, SERUM ALKALINE PHOSPHATASE 65.9, ALT/SGPT 39.4,
AST / SGOT 35.5, CONJUGATED (D. BILIRUBIN) 0.16, SERUM GLOBULIN 2.7, SERUM ALBUMIN 3.24,
TOTAL BILIRUBIN 0.43, TOTAL PROTEIN 5.97, BILIRUBIN,INDIRECT 0.3, BLOOD UREA 12.7, BLOOD UREA
NITROGEN (BUN) 6.3, RENAL FUNCTION TEST *, SERUM CREATININE 0.74, SERUM URIC ACID 2.94,
( 2025-10-03 )
BASOPHIL 00, COMPLETE BLOOD COUNTS *, DIFFERENTIAL LEUCOCYTE COUNT , EOSINOPHIL 01,
HAEMOGLOBIN (HB) 14.1, LYMPHOCYTES 39, M C H 29.4, M C H C 34.1, M C V 86.0, MONOCYTE 11,
NEUTROPHIL 49, PLATELET COUNT 1.54, R B C (RED BLOOD CELLS) 4.81, TOTAL LEUCOCYTE COUNT
(TLC) 4800, RDW 14.0, PACKED CELL VOLUME 41.4, CHLORIDE 106, ELECTROLYTES *, POTASSIUM 4.1,
SODIUM 140, A/G RATIO 1.1, SERUM ALKALINE PHOSPHATASE 62.8, ALT/SGPT 49.8, AST / SGOT 39.8,
CONJUGATED (D. BILIRUBIN) 0.16, SERUM GLOBULIN 2.8, SERUM ALBUMIN 3.3, TOTAL BILIRUBIN 0.34,
TOTAL PROTEIN 6.1, BILIRUBIN,INDIRECT 0.2, BLOOD UREA 17.3, BLOOD UREA NITROGEN (BUN) 8.7,
RENAL FUNCTION TEST *, SERUM CREATININE 0.65, SERUM URIC ACID 2.9,
ADVICE ON DISCHARGE MEDICINE Dose Frequency Morning Noon Evening Night Days
1 PCM No No No No 0
2 TAB BOOSTBOON No No No No 0
3 TAB DOLO SOS No No No No 0
4 LEVOCETRIZINE AT NIGHT No No No Yes 5
5 TAB CHYMORAL FORTE 0 TWICE A DAY Yes No Yes No 5
6 TAB FOLVITE ONCE A DAY No Yes No No 10
7 Q CHAMP LC Yes No No No 7
",52,Female,Dengue Fever,"fever, weakness, nausea, bodyache",Not available,"1 PCM No No No No 0, 2 TAB BOOSTBOON No No No No 0, 3 TAB DOLO SOS No No No No 0, 4 LEVOCETRIZINE AT NIGHT No No No Yes 5, 7 Q CHAMP LC Yes No No No 7"
PA03.pdf,"Discharge Summary
Patient Name : PA03 Age / Sex : 61 Y/ Female
Address : IPD No. :
UHID No. : Discharge Date : 02/05/2024 08:50
Mob No. : Ward :
Admission Date : 29/04/2024 23:16 Category :
Room No. :
Department : Internal Medicine
Doctor Incharge :
ICD CODE :
I16.0
FINAL DIAGNOSIS :
ACCELERATED HYPERTENSION
CHIEF COMPLAINTS & REASON FOR ADMISIION :
C/O NAUSEA
GHABRAHAT
PAIN IN EPIGASTRIC REGION SINCE EVENING
HIGH B.P
HISTORY :
H/O HYPERTENSION(BUT NOT ON REGULAR MEDICATION)
LOCAL EXAMINATION :
CONSCIOUS -CONSCIOUS/ORIENTED
PR: 72/MIN, BP: 187/107 MMHG, RR: 20/MIN, TEMP: AFEBRILE°F
CHEST -B/L A.E+
ABDOMEN -SOFT/TENDERNESS+ EPIGASTRIC REGION
CVS -S1S2+
CNS -E4V5M6
HOSPITAL COURSE & TREATMENT GIVEN :
A 61 YEARS OLD FEMALE CAME IN EMERGENCY WITH ABOVE MENTIONED COMPLAINTS.ALL THE
RELEVANT INVESTIGATIONS WERE DONE REPORT ATTACHED WITH DISCHARGE SUMMARY. IN VIEW OF
ACCELERATED HYPERTENSION NTG INFUSION WAS STARTED AND TAPPERED ACCORDINGLY.IN VIEW
OF HEADACHE AND PAIN IN LEFT KNEE OPTHALMOLOGY AND ORTHO CONSULT TAKEN AND PRESCRIBED
ADVISELY.
MRI BRAIN DONE ON 01/05/2024 AND REPORT
DURING HOSPITAL STAY PATIENT WAS MANAGED WITH I/V FLUIDS,ANTI-HYPERTENSIVE
DRUGS,MULTIVITAMINS,PPI,ANTI-EMETICS.
NOW PATIENT IS HEMODYNAMICALLY STABLE AND BEING DISCHARGE WITH MEDICAL ADVISE.
Discharge Summary
CONDITION AT DISCHARGE :
STABLE
ADVISE ON DISCHARGE :
ICE PACK TWICE A DAY
CREPE BANDAGE 6 INCH ON LEFT KNEE
WHEN AND HOW TO OBTAIN EMERGENCY CARE :
SEVERE HEADACHE
CHESTPAIN
BL.UR VISION
INVESTIGATION :
( 2024-04-30 )
HDL CHOLESTEROL 54.0, LDL CHOLESTEROL 114.8, LIPID PROFILE *, CHOL/HDL RATIO 3.6, SERUM
TOTAL CHOLESTEROL 194.0, SERUM TRIGLYCERIDES 126.0, VLDL CHOLESTEROL 25.2,
ADVICE ON DISCHARGE MEDICINE Dose Frequency Morning Noon Evening Night Days
1 ETOSHINE 90 MG ONCE A DAILY Yes No No No 10
2 SHELCAL JOINTS 1 TAB ONCE A DAILY No Yes No No 10
3 BIO D3 FEM 1 TAB ONCE A DAILY Yes No No No 10
4 CIPLOX D EAR DROPS L/A THRICE A DAY Yes No Yes Yes 10
5 CEFUROXIME 40/5 TWICE A DAILY Yes No No Yes 10
6 ABROXOL 500 MG AS PER NEED No No No No 10
7 CALPOL 1 TAB TWICE ADAY Yes No No Yes 10
8 TAB. SUPRADYN 1 CAP BEFORE BREAKFAST Yes No No No 10
",61,Female,Accelerated Hypertension,"pain, nausea",Not Available,Not available
PA04.pdf,"Discharge Summary
Patient Name : PA04 Age / Sex : 60 Y/ Male
Address : IPD No. :
UHID No. : Discharge Date : 13/10/2025 19:51
Mob No. : Ward :
Admission Date : 11/10/2025 14:47 Category :
Room No. :
Department : Urology
Doctor Incharge :
ICD CODE :
.
FINAL DIAGNOSIS :
BPH /UTI
CHIEF COMPLAINTS & REASON FOR ADMISIION :
FEVER WITH CHILLS FROM 1 DAY.
URINARY INCONTINENCE
MILD HEMATURIA
DEHYDRATION +VE
BURNING MICTURATION
HISTORY :
OUTSIDE USG S/O PROTATOMEGALY (11/10/2025)
LOCAL EXAMINATION :
CONSCIOUS -
PR: 102/MIN, BP: 140/90 MMHG, RR: 18/MIN, TEMP: 100.8 F
CHEST -B/LAE+VE
ABDOMEN -SOFT NON TENDER
CVS - S1S2 +VE
CNS -NORMAL
HOSPITAL COURSE & TREATMENT GIVEN :
PATIENT PRESENTED WITH THE COMPLAINTS AS MENTIONED ABOVE. ALL ROUTINE INVESTIGATIONS
WERE SENT .OUTSIDE USG DONE ON 11/10/2025 S/O PROSTATOMEGALY.INTIALLY PATIENT WAS
HAVING A RAISED TLC COUNTS AND WAS HAVING PERSISTENT SPIKES OF FEVER. URINE C/S S/O- E
COLI GROWTH .PATIENT WAS MANAGED WITH I/V ANTIBIOTICS AND OTHER CONSERVATIVE
MANGEMENT. PATIENT WAS CATHETERISED. TLC COUNT WERE 7500 AND NOW PATIENT IS HAVING NO
SPIKE OF FEVER. . PATIENT RESPONDED WELL TO THE TREATMENT AND THE CONDITION OF THE
PATIENT BECOME STABLE.NOW PATIENT IS BEING DISCHARGED IN STABLE CONDITION WITH
FOLLOWING ADVISE.
Discharge Summary
SURGERY DETAILS :
NA
CONDITION AT DISCHARGE :
STABLE
ADVISE ON DISCHARGE :
PLENTY OF FLUIDS
ADEQUATE HYDRATION
FOLLOW UP DETAIL :
FOLLOW UP IN OPD AFTER 5 DAYS .
WHEN AND HOW TO OBTAIN EMERGENCY CARE :
PLEASE LOOK FOR FOLLOWING SIGNS & SYMPTOMS LIKE
FEVER
BURNING MICTURATION
HEMATUIRIA
Discharge Summary
INVESTIGATION :
( 2025-10-11 )
BASOPHIL 00, COMPLETE BLOOD COUNTS *, DIFFERENTIAL LEUCOCYTE COUNT *, EOSINOPHIL 02,
HAEMOGLOBIN (HB) 13.7, LYMPHOCYTES 09, M C H 30.4, M C H C 31.9, M C V 95.2, MONOCYTE 02,
NEUTROPHIL 87, PLATELET COUNT 1.43, R B C (RED BLOOD CELLS) 4.50, TOTAL LEUCOCYTE COUNT
(TLC) 18200, RDW 14.5, PACKED CELL VOLUME 42.9, CHLORIDE 105.0, ELECTROLYTES *, POTASSIUM
4.17, SODIUM 139.0, A/G RATIO 1.4, SERUM ALKALINE PHOSPHATASE 70.0, ALT/SGPT 34.0, AST / SGOT
24.0, CONJUGATED (D. BILIRUBIN) 0.69, SERUM GLOBULIN 2.6, SERUM ALBUMIN 3.7, TOTAL BILIRUBIN
2.35, TOTAL PROTEIN 6.3, BILIRUBIN,INDIRECT 1.7, PSA, TOTAL 4.22, BLOOD UREA 31.0, BLOOD UREA
NITROGEN (BUN) 15.5, RENAL FUNCTION TEST *, SERUM CREATININE 1.27, SERUM URIC ACID 4.38,
BLOOD ++++, CASTS , CHEMICAL EXAMINTAION , COLOUR DARK YELLOW, CRYSTALS , EPITHELIAL
CELLS 0-1, KETONE BODIES NIL, MICROSCOPIC EXAMINATION , OTHERS , PROTEINS +, PUS CELLS
12-14, QUANTITY 10, R B C (RED BLOOD CELLS) 31-32, SPECIFIC GRAVITY 1.005, SUGAR NIL,
TRANSPARENCY TURBID, URINE FOR PH 8.0, URINE ROUTINE MICROSCOPY EXAMINATION ,
UROBILINOGEN , DEPOSITS PRESENT, LEUCOCYTES +, BILIRUBIN , NITRITE , BACTERIA NIL, YEAST ,
( 2025-10-12 )
BASOPHIL 00, COMPLETE BLOOD COUNTS , DIFFERENTIAL LEUCOCYTE COUNT , EOSINOPHIL 01,
HAEMOGLOBIN (HB) 12.2, LYMPHOCYTES 09, M C H 31.8, M C H C 33.3, M C V 95.4, MONOCYTE 03,
NEUTROPHIL 87, PLATELET COUNT 1.23, R B C (RED BLOOD CELLS) 3.84, TOTAL LEUCOCYTE COUNT
(TLC) 11900, RDW 14.8, PACKED CELL VOLUME 36.6, A/G RATIO 1.6, SERUM ALKALINE PHOSPHATASE
59, ALT/SGPT 28.2, AST / SGOT 19.6, CONJUGATED (D. BILIRUBIN) 1.01, SERUM GLOBULIN 2.0, SERUM
ALBUMIN 3.2, TOTAL BILIRUBIN 2.26, TOTAL PROTEIN 5.2, BILIRUBIN,INDIRECT 1.2,
( 2025-10-13 )
BASOPHIL 00, COMPLETE BLOOD COUNTS *, DIFFERENTIAL LEUCOCYTE COUNT *, EOSINOPHIL 02,
HAEMOGLOBIN (HB) 11.7, LYMPHOCYTES 18, M C H 31.8, M C H C 33.6, M C V 94.6, MONOCYTE 04,
NEUTROPHIL 76, PLATELET COUNT 1.30, R B C (RED BLOOD CELLS) 3.66, TOTAL LEUCOCYTE COUNT
(TLC) 7500, RDW 14.8, PACKED CELL VOLUME 34.6,
ADVICE ON DISCHARGE MEDICINE Dose Frequency Morning Noon Evening Night Days
1 TAB PANTOP 0 No No No No 0
2 SYP ALKACIP No No No No 0
3 PCM No No No No 0
4 TAB SILDOSIN No No No No 0
5 TAB. URISPAS No No No No 0
6 FERONEM 0 TWICE A DAY Yes No Yes No 5
",60,Male,Bph / Uti,"fever, chills, hematuria",Not available,"1 TAB PANTOP 0 No No No No 0, 2 SYP ALKACIP No No No No 0, 3 PCM No No No No 0, 4 TAB SILDOSIN No No No No 0, 5 TAB. URISPAS No No No No 0, 6 FERONEM 0 TWICE A DAY Yes No Yes No 5"
PA05.pdf,"Discharge Summary
Patient Name :PA05 Age / Sex : 19 Y/ Male
Address : IPD No. :
UHID No. : Discharge Date : 10/11/2024 13:11
Mob No. : Ward :
Admission Date : 09/11/2024 22:49 Category :
Room No. :
Department : General Medicine
Doctor Incharge :
FINAL DIAGNOSIS :
DENGUE IGG WEAKLY +
CHIEF COMPLAINTS & REASON FOR ADMISIION :
C/O FEVER WITH CHILLS ASSOCIATED WITH GENERALISED WEAKNESS SINCE 4 DAYS.NO NAUSEA NO
VOMITING. NOW ADMITTED HERE FOR FURTHER MANAGEMENT.
HISTORY :
NAD
LOCAL EXAMINATION :
CONSCIOUS -ORIENTED
PR:108/MIN, BP: 120/80 MMHG, RR: 18/MIN, TEMP: FEBRILE103F
CHEST -B/'L CLEAR
ABDOMEN -P/A SOFT
CVS -S1 S2 +
CNS -CONSCIOUS
HOSPITAL COURSE & TREATMENT GIVEN :
19 YEARS MALE PRESENTED TO THE HOSPITAL WITH ABOVE MENTIONED HISTORY AND
COMPLAINTS.ALL RELEVANT INVESTIGATIONS WERE DONE -REPORTS ATTACHED.DENGUE WEAKLY
POSITIVE.AFTER EVALUATION PATIENT WAS SHIFTED TO WARD AND MANAGED CONSERVATIVELY WITH
INTRAVENOUS ANTIBIOTICS ,ANTACIDS,INTRAVENOUS FLUIDS FOR HYDRATION AND WITH OTHER
SUPPORTIVE MANAGEMENT.ROUTINE INVESTIGATIONS DONE WHICH SHOWED TLC 3000,PLATELET
COUNTS UPTO 1LAKH AND MILDLY RAISED OT/PT.AS PER THE CURRENT CONDITION PATIENT REQUIRE
FURTHER STAY IN THE HOSPITAL ,BUT RELATIVES WANT TO DISCHARGE ON REQUEST.HENCE PATIENT
DISCHARGED ON REQUEST.
CONDITION AT DISCHARGE :
FAIR
Discharge Summary
ADVISE ON DISCHARGE :
PLENTY OF FLUIDS
AVOID EXERTION
WATCH FOR BLEEDING MANIFESTATIONS
WHEN AND HOW TO OBTAIN EMERGENCY CARE :
PLEASE LOOK FOR FOLLOWING SIGNS & SYMPTOMS LIKE FEVER/EXCESSIVE PAIN/BLEEDING.
INVESTIGATION :
( 2024-11-09 )
BASOPHIL 00, COMPLETE BLOOD COUNTS *, DIFFERENTIAL LEUCOCYTE COUNT *, EOSINOPHIL 02,
HAEMOGLOBIN (HB) 14.8, LYMPHOCYTES 21, M C H 26.9, M C H C 36.2, M C V 74.4, MONOCYTE 09,
NEUTROPHIL 68, PLATELET COUNT 1.18, R B C (RED BLOOD CELLS) 5.50, TOTAL LEUCOCYTE COUNT
(TLC) 3000, RDW 12.9, PACKED CELL VOLUME 41.0, A/G RATIO 1.4, SERUM ALKALINE PHOSPHATASE
108.0, ALT/SGPT 40.0, AST / SGOT 88.0, CONJUGATED (D. BILIRUBIN) 0.21, SERUM GLOBULIN 2.5,
SERUM ALBUMIN 3.5, TOTAL BILIRUBIN 0.42, TOTAL PROTEIN 6.0, BILIRUBIN,INDIRECT 0.2,
ADVICE ON DISCHARGE MEDICINE Dose Frequency Morning Noon Evening Night Days
1 TAB CEFTUM 500 MG TWICE A DAY Yes No No Yes 5
2 TAB DOLO 1 TAB IF NEEDED No No No No 0
3 CAP. PAN DSR 1 CAP TWICE A DAY Yes No Yes No 5
4 CARIPILL 1 TAB TWICE A DAY Yes No No Yes 5
5 CAP. COBADEX CZS 1 CAP ONCE A DAY No No No Yes 21
6 TAB N ACETYL CYSTEINE 2 TABS TWICE A DAY Yes No No Yes 3
7 ALLEGRA 1 TAB TWICE A DAY Yes No No Yes 3
",19,Male,Dengue Igg Weakly +,"fever, vomiting, pain, weakness, nausea, chills",Not Available,Not available
PA06.pdf,"Discharge Summary
Patient Name : PA06 Age / Sex : 32 Y/ Female
Address : IPD No. :
UHID No. : Discharge Date : 08/10/2025 12:03
Mob No. : Ward :
Admission Date : 06/10/2025 19:16 Category :
Room No. :
Department : Gynaecology & Obstetrics
Doctor Incharge :
ICD CODE :
.
FINAL DIAGNOSIS :
G3P2 L2 WITH POG 37 WEEKS IN SPONTANEOUS LABOR.
CHIEF COMPLAINTS & REASON FOR ADMISIION :
POG 37 WEEKS , NOW ADMITTED HERE FOR FURTHER MANAGEMENT.
HISTORY :
H/O- 2 NVD 7 YEARS BACK, 2.5 YEARS BACK RESP.
LOCAL EXAMINATION :
CONSCIOUS -
PR: 82/MIN, BP: 110/80 MMHG, RR: 18/MIN, TEMP: AFEBRILE°F
CHEST -B/L AE +
ABDOMEN -UTERUS- TERM
CVS -S1S2 HEARD
CNS -CONSCIOUS
PV- 2CM
30 % EFFACEMENT
HOSPITAL COURSE & TREATMENT GIVEN :
A 32 YEARS FEMALE PRESENTED WITH ABOVE MENTIONED COMPLAINTS AND ADMIT HERE FOR . ALL
ROUTINE AND SPECIFIC INVESTIGATIONS WERE DONE. AFTER FULL DILATION, PATIENT WAS SHIFTED
TO LABOR ROOM FOR NVD DONE ON 01/10/25.UNDER S.A . PATIENT WAS MANAGED SURGICALLY AND
WITH IV ANTIBIOTICS, ANALGESICS, AND WITH OTHER SUPPORTIVE TREATMENT. PATIENT TOLERATED
WELL TO THE TREATMENT AND NOW BEING DISCHARGED IN HEMODYNAMICALLY STABLE CONDITION.
BABY DETAILS-
TIME OF BIRTH- 7.39 AM
SEX- MALE
WEIGHT- 2.870 KG
Discharge Summary
SURGERY DETAILS :
PROCEDURE- NVD WITH RMLE DONE ON 07/10/25.
STEPS- PATIENT LAID IN LITHOTOMY POSITION.
PARTS CLEANED AND DRAPED.
SMALL MIDLINE TEAR 2-3 CM
BABY PRESENTED AS CEPHALIC. APGAR 8 & 9 AT 1 & 5 MINS RESP. GCMF - NILL
BABY CRIED, CORD CLAMPED & CUT.
BABY HANDED OVER TO PEDIATRICIAN .
PLACENTA WITH ALL MEMBRANES TAKEN OUT.
EPISIOTOMY SUTURED IN LAYERS.
HEMOSTASIS ACHIEVED .
P/R, P/V- NAD.
CONDITION AT DISCHARGE :
STABLE
ADVISE ON DISCHARGE :
PLENTY OF FLUIDS.
SITZ BATH AS ADVISED.
AVOID SQUATTING POSITION.
FOLLOW UP DETAIL :
AFTER 1 WEEK IN OPD.
WHEN AND HOW TO OBTAIN EMERGENCY CARE :
PLEASE LOOK FOR FOLLOWING SIGNS & SYMPTOMS LIKE EXCESSIVE BLEEDING, POST OP FEVER ETC....
Discharge Summary
Doctor Incharge
INVESTIGATION :
( 2025-10-06 )
BASOPHIL 00, COMPLETE BLOOD COUNTS , DIFFERENTIAL LEUCOCYTE COUNT , EOSINOPHIL 01,
HAEMOGLOBIN (HB) 11.4, LYMPHOCYTES 26, M C H 30.8, M C H C 33.6, M C V 91.6, MONOCYTE 04,
NEUTROPHIL 69, PLATELET COUNT 1.44, R B C (RED BLOOD CELLS) 3.69, TOTAL LEUCOCYTE COUNT
(TLC) 7900, RDW 13.8, PACKED CELL VOLUME 33.8, A/G RATIO 1.3, SERUM ALKALINE PHOSPHATASE
478, ALT/SGPT 14.3, AST / SGOT 16.3, CONJUGATED (D. BILIRUBIN) 0.21, SERUM GLOBULIN 3.0, SERUM
ALBUMIN 3.6, TOTAL BILIRUBIN 0.95, TOTAL PROTEIN 6.6, BILIRUBIN,INDIRECT 0.7, BLOOD UREA 13.5,
BLOOD UREA NITROGEN (BUN) 6.8, RENAL FUNCTION TEST , SERUM CREATININE 0.54, SERUM URIC
ACID 5.7,
( 2025-10-07 )
BASOPHIL 00, COMPLETE BLOOD COUNTS *, DIFFERENTIAL LEUCOCYTE COUNT *, EOSINOPHIL 01,
HAEMOGLOBIN (HB) 10.3, LYMPHOCYTES 11, M C H 30.3, M C H C 33.2, M C V 91.2, MONOCYTE 04,
NEUTROPHIL 84, PLATELET COUNT 1.35, R B C (RED BLOOD CELLS) 3.40, TOTAL LEUCOCYTE COUNT
(TLC) 11800, RDW 13.7, PACKED CELL VOLUME 31.0,
ADVICE ON DISCHARGE MEDICINE Dose Frequency Morning Noon Evening Night Days
1 AUGMENTIN DUO 0 TWICE A DAY Yes No Yes No 5
2 TAB LYSER D THRICE A DAY Yes Yes Yes No 5
3 TAB DOLO TWICE A DAY Yes No Yes No 3
4 CAP. PAN D ONCE A DAY Yes No No No 5
",32,Female,G3P2 L2 With Pog 37 Weeks In Spontaneous Labor.,fever,"NVD WITH RMLE DONE ON 07/10/25. STEPS- PATIENT LAID IN LITHOTOMY POSITION. PARTS CLEANED AND DRAPED. SMALL MIDLINE TEAR 2-3 CM BABY PRESENTED AS CEPHALIC. APGAR 8 & 9 AT 1 & 5 MINS RESP. GCMF - NILL BABY CRIED, CORD CLAMPED & CUT. BABY HANDED OVER TO PEDIATRICIAN . PLACENTA WITH ALL MEMBRANES TAKEN OUT. EPISIOTOMY SUTURED IN LAYERS. HEMOSTASIS ACHIEVED . P/R, P/V- NAD.","3 TAB DOLO TWICE A DAY Yes No Yes No 3, 4 CAP. PAN D ONCE A DAY Yes No No No 5"
PA07.pdf,"Discharge Summary
Patient Name : PA07 Age / Sex : 26 Y/ Female
Address : IPD No. :
UHID No. : 3991/24 Discharge Date : 13/11/2024 15:05
Mob No. : Ward :
Admission Date : 08/11/2024 07:16 Category :
Room No. :
Department : Gynaecology & Obstetrics
Doctor Incharge :
ICD CODE :
.Z3A.37
FINAL DIAGNOSIS :
G2P1L1/36+3WEEKS/PREV. LSCS/SHORT ICP/RH NEGATIVE
ELECTIVE LS CS DONE I/V/O PREV. LS CS DONE ON 8/11/24
CHIEF COMPLAINTS & REASON FOR ADMISIION :
POG 36+3 WEEKS NOW ADMITTED HERE FOR ELECTIVE LSCS
HISTORY :
OBS HISTORY-PREVIOUS LS CS IN 2022/ FEMALE CHILD
LOCAL EXAMINATION :
CONSCIOUS -
PR: 82/MIN, BP: 120/80 MMHG, RR: 18/MIN, TEMP: AFEBRILE°F
CHEST -B/L CHEST CLEAR
ABDOMEN -P/A UTERUS W/R
CVS -S1 S2 HEARD
CNS -CONSCIOUS
Discharge Summary
HOSPITAL COURSE & TREATMENT GIVEN :
A 26 YEARS OLD FEMALE PATIENT PRESENTED IN OUR HOSPITAL FOR ELECTIVE LS CS. PATIENT WAS
MANAGED SURGICALLY HERE WITH LS CS ON 08/11/24 AND WITH IV ANTIBIOTICS,PPI, ANALGESICS
AND ALL OTHER NECESSARY SUPPORTIVE MEASURES. PATIENT TOLERATED WELL TO THE TREATMENT
AND NOW BEING DISCHARGED IN HEMODYNAMICALLY STABLE CONDITION.
MOTHER BLOOD GROUP - B NEGATIVE
BABY BLOOD GROUP -B POSITIVE
INJ ANTI D 300MG I/M GIVEN POST OPERATIVELY WITHIN 24 HOURS OF SURGERY.
BABY DETAILS -
BABY BOY
DATE 08/11/24
TIME-9.47 AM
BIRTH WEIGHT-2.67KG
Discharge Summary
Doctor Incharge
SURGERY DETAILS :
SURGERY- ELECTIVE LSCS
ANAESTHESIA- S.A
POSITION -SUPINE
INCISION- PFANNESTIAL
STEPS- PFANMENSTIAL INCISION- PREVIOUS SCAR EXCISED
ABDOMEN OPENED IN LAYERS.
NO ADHESIONS NOTED
UV FOLD IDENTIFIED-- BLADDER PUSHED DOWN
KEHR;S INCISION- CLEAR LIQUOR DRAINED
BABY DELIVERED AS VERTEX- CRIED IMMEDIATELY
IMMEDIATE CORD CLAMPING DONE.
BABY HANDED OVER TO PAEDITRICIAN
PLACENTA & MEMBRANES SEPERATED SPONTANEOUSLY
&DELIVERED COMPLETELY
UTERINE INCISION SUTURED IN LAYERS.
HAEMOSTASIS ACHEIVED
MOPS& INSTRUMENTS COUNTS COMPLETE.
ABDOMEN CLOSED IN LAYERS.
STERILE DRESSING APPLIED.
VAGINAL TOILETING DONE.
PT WITHSTOOD THE PROCEDURE WELL
T.MISOPROST 600MG P/R INSERTED
CONDITION AT DISCHARGE :
G.C STABLE
ADVISE ON DISCHARGE :
PLENTY OF FLUIDS.
EXCLUSIVE BREAST FEEDING FOR 6 MONTHS.
AVOID COUGH,CONSTIPATION,LIFTING HEAVY WEIGHT.
LEG EXERCISES AND AMBULATION
ABSTINENCE/CONTRACEPTION X6 WEEKS
HIGH PROTEIN DIET
Discharge Summary
FOLLOW UP DETAIL :
FOLLOW UP ON 15/1/24 FOR S/R IN OPD.
WHEN AND HOW TO OBTAIN EMERGENCY CARE :
PLEASE LOOK FOR FOLLOWING SIGNS & SYMPTOMS LIKE PAIN, SOAKAGE , EXCESSIVE BLEEDING ETC.....
ADVICE ON DISCHARGE MEDICINE Dose Frequency Morning Noon Evening Night Days
1 TAB CEPODEM XP 325MG TWICE A DAY Yes No Yes No 7
2 LYSER DP 1 TAB THRICE A DAY Yes Yes Yes No 7
3 CAP. PAN D 40MG ONCE A DAY Yes No No No 7
4 TAB. SUPRADYN 1 TAB ONCE A DAY Yes No No No 10
5 SYP. DUPHALAC 2 TSF IF CONSTIPATION No No No Yes 0
6 TAB DOLO 650MG IF REQUIRE No No No No 0
",26,Female,G2P1L1 / 36 + 3Weeks / Prev. Lscs / Short Icp / Rh Negative,"pain, cough",SURGERY- ELECTIVE LSCS ANAESTHESIA- S.A POSITION -SUPINE INCISION- PFANNESTIAL STEPS- PFANMENSTIAL INCISION- PREVIOUS SCAR EXCISED ABDOMEN OPENED IN LAYERS. NO ADHESIONS NOTED UV FOLD IDENTIFIED-- BLADDER PUSHED DOWN KEHR;S INCISION- CLEAR LIQUOR DRAINED BABY DELIVERED AS VERTEX- CRIED IMMEDIATELY IMMEDIATE CORD CLAMPING DONE. BABY HANDED OVER TO PAEDITRICIAN PLACENTA & MEMBRANES SEPERATED SPONTANEOUSLY &DELIVERED COMPLETELY UTERINE INCISION SUTURED IN LAYERS. HAEMOSTASIS ACHEIVED MOPS& INSTRUMENTS COUNTS COMPLETE. ABDOMEN CLOSED IN LAYERS. STERILE DRESSING APPLIED. VAGINAL TOILETING DONE. PT WITHSTOOD THE PROCEDURE WELL T.MISOPROST 600MG P/R INSERTED,Not available
PA08.pdf,"Reff Summary
Patient Name : PA08 Age / Sex : 70 Y/ Female
Address : IPD No. :
UHID No. : Discharge Date : 09/05/2024 19:00
Mob No. : Ward :
Admission Date : 05/05/2024 15:57 Category :
Room No. :
Department : Internal Medicine
Doctor Incharge :
ICD CODE :
I63.311
I69.354
FINAL DIAGNOSIS :
RIGHT MCA INFARCT WITH LEFT HEMIPARESIS
CHIEF COMPLAINTS & REASON FOR ADMISIION :
WEAKNESS LEFT SIDEUPPER AND LOWER LIMB { LEFT UPPER LIMB - 2/5, LEFT LOWER LIMB- 2/5}
SLURRED SPEECH
A/H/O- SUDDEN FALL OUTSIDE HOME AT 10:30AM ON 5/5/2024
ON ARRIVAL GCS- E2V3M5
HISTORY :
K/C/O- HTN ON IRREGULAR MEDICATION
LOCAL EXAMINATION :
CONSCIOUS -E2V3M5
PR: 82/MIN, BP: 150/80 MMHG, RR: 18/MIN, TEMP: AFEBRILE°F
CHEST -B/L AE+
ABDOMEN -SOFT/ NON TENDER
CVS -S1S2 N
Reff Summary
Doctor Incharge :
HOSPITAL COURSE & TREATMENT GIVEN :
70 YEARS OLD FEMALE PT. CAME TO US WITH ABOVE MENTIONED COMPLAINTS , MRI BRAIN S/O- RIGHT
MCA INFARCT WITH LEFT HEMIPARESIS . ON ARRIVAL GCS- E2V3M5, PUPILS- RIGHT 2MM REACTING TO
LIGHT , LEFT- 1.5MM PINPOINT. PT. CONSERVATIVELY MANAGED HERE WITH ANTIBIOTICS,
ANALGESICS, ANTACIDS, ANTI EPILEPTIC,DIURETIC, INJ. MANNITOL, INJ. CITICOLIN, BETABLOCKERS,
TAB. AVAS, TAB. ECOSPRIN, INF. 3% NACL , RT INSITU {RT FEED 200ML / 4 HOURLY STARTED},
CATHETER IN SITU. ON 6/5/2024, GCS- E3V4M5, POWER LEFT SIDE 4/5, BOTH UPPER AND LOWER LIMB,
SUDDENLY ON 7TH MAY, 2024, PT. HAVING AF , INJ. CARDARONE 300MG GIVEN STAT, AND INF.
CARDARONE WAS ALSO GIVEN FOR 24 HOURS, CARDIAC CONSULTATION DONE, PT. WAS PUT ON TAB.
CARDARONE 200MG (TWICE A DAY), ON 8/5/2024, CVP INSITUON 9/5/2024, PT. HAVING 2 EPISODES OF
SEIZURE, INJ. EPTOIN 1GM GIVEN STAT,& CONTINUE INJ. EPTOIN 100ML THRICE A DAY,
NEUROSURGEON CONSULTATION DONE ADVISE ATTENDANTS FOR DECOMPRESSIVE CRANIECTOMY BUT
REFUSSED BY ATTENDANTS, REFFUSAL CONSENT ALSO GIVEN BY THEM, ON 9/5/24 K+- 2.85, INFUSION
KCL[2AMP.] IN 30ML NS @10ML/HR, BUT SUDDENLY AT 4:30PM PT. RR- 32/MIN, GCS- E2V2M2, SPO2-
68% ON RA, RBS- 104MG/DL, PT. INTUBATED {7.5MM}, AND PUT ON VEIN CIRCUIT, AND REFERRE TO
HIGHER CENTRE FOR FURTHER MANAGEMENT. WHILE REFERRING PT. VITALS- GCS - ON SEDATION [INF.
ATRACIL 5AMP. IN NS @5ML/HR, BP- 140/80MMHG, HR- 90/MIN,RR- 20/MIN, SPO2- 100% ON VEIN
CIRCUIT, CHEST- B/L AE+, PUPILS- RIGHT. 3MMREACTING TO LIGHT, LEFT- 2MM REACTING TO LIGHT.
SURGERY DETAILS :
NA
CONDITION AT DISCHARGE :
WHILE REFERRING PT. VITALS- GCS - ON SEDATION [INF. ATRACIL 5AMP. IN NS @5ML/HR, BP-
140/80MMHG, HR- 90/MIN,RR- 20/MIN, SPO2- 100% ON VEIN CIRCUIT, CHEST- B/L AE+, PUPILS- RIGHT.
3MMREACTING TO LIGHT, LEFT- 2MM REACTING TO LIGHT.
ADVISE ON DISCHARGE :
.
FOLLOW UP DETAIL :
.
WHEN AND HOW TO OBTAIN EMERGENCY CARE :
.
Reff Summary
INVESTIGATION :
( 2024-05-07 )
BASOPHIL 00, COMPLETE BLOOD COUNTS , DIFFERENTIAL LEUCOCYTE COUNT , EOSINOPHIL 01,
HAEMOGLOBIN (HB) 13.6, LYMPHOCYTES 26, M C H 36.1, M C H C 34.7, M C V 104.1, MONOCYTE 06,
NEUTROPHIL 67, PLATELET COUNT 1.38, R B C (RED BLOOD CELLS) 3.77, TOTAL LEUCOCYTE COUNT
(TLC) 11200, RDW 14.9, PACKED CELL VOLUME 39.2,
( 2024-05-08 )
BASOPHIL 00, COMPLETE BLOOD COUNTS , DIFFERENTIAL LEUCOCYTE COUNT , EOSINOPHIL 01,
HAEMOGLOBIN (HB) 13.4, LYMPHOCYTES 22, M C H 35.6, M C H C 34.2, M C V 104.2, MONOCYTE 05,
NEUTROPHIL 72, PLATELET COUNT 1.48, R B C (RED BLOOD CELLS) 3.77, TOTAL LEUCOCYTE COUNT
(TLC) 13300, RDW 14.7, PACKED CELL VOLUME 1.48, BLOOD UREA 21, BLOOD UREA NITROGEN (BUN)
10.5, RENAL FUNCTION TEST , SERUM CREATININE 1.20, SERUM URIC ACID 5.22,
( 2024-05-09 )
BASOPHIL 00, COMPLETE BLOOD COUNTS *, DIFFERENTIAL LEUCOCYTE COUNT *, EOSINOPHIL 02,
HAEMOGLOBIN (HB) 13.8, LYMPHOCYTES 20, M C H 35.9, M C H C 34.5, M C V 104.0, MONOCYTE 06,
NEUTROPHIL 72, PLATELET COUNT 1.69, R B C (RED BLOOD CELLS) 3.83, TOTAL LEUCOCYTE COUNT
(TLC) 13300, RDW 14.8, PACKED CELL VOLUME 39.9, BLOOD UREA 24.0, BLOOD UREA NITROGEN (BUN)
12.0, RENAL FUNCTION TEST *, SERUM CREATININE 1.04, SERUM URIC ACID 5.51,
",70,Female,Right Mca Infarct With Left Hemiparesis,"weakness, slurred speech",Not available,Not available
PA09.pdf,"Discharge Summary
Patient Name : PA09 Age / Sex : 22 Y/ Male
Address : IPD No. :
UHID No. : Discharge Date : 23/05/2024 11:31
Mob No. : Ward :
Admission Date : 18/05/2024 23:07 Category :
Room No. :
Department : Pulmonary Medicine
Doctor Incharge :
ICD CODE :
J93.83
FINAL DIAGNOSIS :
RIGHT PNEUMOTHORAX
CHIEF COMPLAINTS & REASON FOR ADMISIION :
C/O PAIN IN RIGHT SIDE OF CHEST REGION WHILE MOVEMENT FROM 5-7 DAYS ASSOCIATED WITH
LOWER BACK PAIN,DRY COUGH FROM 2 DAYS,DISTURBED SLEEP,NO H/O TRAUMA
HISTORY :
PATIENT ADMITTED HERE FOR FURTHER INVESTIGATION AND MANAGEMENT.
LOCAL EXAMINATION :
CONSCIOUS -CONSCIOUS/ORIENTED
PR: 82/MIN, BP: 130/80 MMHG, RR: 18/MIN, TEMP: AFEBRILE°F
CHEST -RIGHT SIDE A.E DECREASED
ABDOMEN -SOFT/NON-TENDER
CVS -S1S2+
CNS -E4V5M6
HOSPITAL COURSE & TREATMENT GIVEN :
A 22 YEAR MALE ADMITTED HERE WITH ABOVE MENTIONED COMPLAINTS.ALL THE RELEVANT
INVESTIGATIONS WERE DONE AND REPORT ATTACHED WITH DISCHARGE SUMMARY.IN VIEW OF
PNEUMOTHORAX HIGH FLOW OXYGEN SUPPORT WAS GIVEN. ON 20/5/2024,REPEAT CHEST XRAY DONE
S/O INCREASED PNEUMOTHORAX , ICD WAS INSERTED, WITHIN 24 HOUS LUNGS EXPANDED , ON
21/5/2024 ICD WAS CLAMPED FOR FURTHER 24 HOURS THEN CHEST XRAY WAS DONE S/O-NORMAL
AND ICD WAS REMOVED ON 22/05/2024.TACHEPONEA SETTLED ,DURING HOSPITAL STAY PATIENT WAS
MANAGED WITH I/V FLUIDS,I/V ANTIBIOTICS,PPI,MULTIVITAMINS.NOW PATIENT IS BEING DISCHARGED
WITH VITALS , BP-110/70MMHG, HR- 88/MIN, RR- 18/MIN, SPO2- 98% ON RA
Discharge Summary
CONDITION AT DISCHARGE :
STABLE
ADVISE ON DISCHARGE :
PLEURAL FLUID REPORTS PENDING
FOLLOW UP DETAIL :
REVIEW AFTER 7 DAYS IN OPD WITH PRIOR APPOINTMENT WITH PENDING REPORTS
WHEN AND HOW TO OBTAIN EMERGENCY CARE :
PLEASE LOOK FOR FOLLOWING SIGNS & SYMPTOMS LIKE BREATHING DIFFICULTY,PAIN IN CHEST
INVESTIGATION :
( 2024-05-19 )
BASOPHIL 00, COMPLETE BLOOD COUNTS , DIFFERENTIAL LEUCOCYTE COUNT , EOSINOPHIL 01,
HAEMOGLOBIN (HB) 14.7, LYMPHOCYTES 32, M C H 32.0, M C H C 35.3, M C V 90.7, MONOCYTE 06,
NEUTROPHIL 61, PLATELET COUNT 2.20, R B C (RED BLOOD CELLS) 4.59, TOTAL LEUCOCYTE COUNT
(TLC) 7300, RDW 13.2, PACKED CELL VOLUME 41.7, CHLORIDE 98.8, ELECTROLYTES , POTASSIUM 4.42,
SODIUM 145, A/G RATIO 1.5, SERUM ALKALINE PHOSPHATASE 123, ALT/SGPT 34, AST / SGOT 24,
CONJUGATED (D. BILIRUBIN) 0.29, SERUM GLOBULIN 2.5, SERUM ALBUMIN 3.9, TOTAL BILIRUBIN 0.83,
TOTAL PROTEIN 6.4, BILIRUBIN,INDIRECT 0.5, BLOOD UREA 22, BLOOD UREA NITROGEN (BUN) 11.0,
RENAL FUNCTION TEST , SERUM CREATININE 0.81, SERUM URIC ACID 4.21, ANTI HEPATITIS C VIRUS
(HCV) BY CARD METHOD NEGATIVE, HBSAG(CARD METHOD) NEGATIVE, HIV-1 &2(CARD METHOD)
NEGATIVE,
ADVICE ON DISCHARGE MEDICINE Dose Frequency Morning Noon Evening Night Days
1 CEFODEM XT 200/125 TWICE A DAILY Yes No No Yes 5
2 TAB. PANTOP 1 TAB ONCE A DAILY Yes No No No 5
3 EMESET 1 TAB AS PER NEED No No No No 5
4 TAB ULTRACET 1 TAB AS PER NEED No No No No 5
",22,Male,Right Pneumothorax,"pain, cough",Not Available,Not available
PA10.pdf,"Discharge Summary
Patient Name : PA10 Age / Sex : 66 Y/ Female
Address : IPD No. :
UHID No. : Discharge Date : 27/04/2024 16:47
Mob No. : Ward :
Admission Date : 23/04/2024 21:59 Category :
Room No. :
Department : Internal Medicine
Doctor Incharge :
ICD CODE :
N17
A41.9
FINAL DIAGNOSIS :
ACUTE ON CKD
UROSEPSIS
CHIEF COMPLAINTS & REASON FOR ADMISIION :
BURNING MICTURATION
JOINTS PAIN
UNCONTROLLED BLOOD SUGAR LEVELS
HISTORY :
K/C/O- HTN/ T2DM/CKD
LOCAL EXAMINATION :
CONSCIOUS -
PR: 82/MIN, BP: 150/80 MMHG, RR: 18/MIN, TEMP: AFEBRILE°F
CHEST -B/L AE+
ABDOMEN -SOFT / NON TENDER/ BOWEL SOUNDS +
CVS -S1S2 N
CNS -CONCIOUS/ ORIENTED
HOSPITAL COURSE & TREATMENT GIVEN :
66 YEARS OLD FEMALE PT. CAME TO US WITH ABOVE MENTIONED COMPLAINTS . ON ARRIVAL PT. RBS
WAS 58MG/DL, OUTSIDE REPORTS SHOWED RAISED TLC- 20,400 AND PLENTY OF PUS CELLS , ON
23/4/2024, PT. HAVING TLC- 11.5, PUS CELLS - FULL FIELD, INJ. MEROPENAM 1GM STARTED,, AND HB
WAS HB- 7.2 FOR THAT INJ. FERIINZECT STARTED ALONG WITH OTHER SUPPORTIVE MEASURES,ALL
THE RELEVANT INVESTIGATIONS WERE DONE AND REPORT ATTACHED WITH DISCHARGE SUMMARY.
URINE CULTURE REPORT IS TSERILE , GRADUALLY SHE RESPOMDED WELL TO THE COURSE OF
TREATMENT AND IS BEING DISCHARGED TODAY IN STABLE CONDITION.
Page 1 of 4
Discharge Summary
Doctor Incharge
SURGERY DETAILS :
NA
CONDITION AT DISCHARGE :
STABLE
E4V5M6,
ON DISCHARGE VITALS
BP- 130/80MMHG, HR- 88/MIN, RR- 18/MIN, SPO2- 98%ON RA, TEMP- 98.4F, RBS- 115MG /DL
ADVISE ON DISCHARGE :
DRINK PLENTY OF FLUIDS
FOLLOW UP DETAIL :
FOLLOW UP AFTER 5 DAYS IN OPD WITH CBC/RFT/URINE R/E .
WHEN AND HOW TO OBTAIN EMERGENCY CARE :
PLEASE LOOK FOR FOLLOWING SIGNS & SYMPTOMS LIKE, FEVER, VOMITINGS, BURNING MICTURATION
Page 2 of 4
Discharge Summary
Doctor Incharge
INVESTIGATION :
( 2024-04-23 )
BASOPHIL 00, COMPLETE BLOOD COUNTS *, DIFFERENTIAL LEUCOCYTE COUNT *, EOSINOPHIL 01,
HAEMOGLOBIN (HB) 7.2, LYMPHOCYTES 10, M C H 30.3, M C H C 35.5, M C V 85.3, MONOCYTE 06,
NEUTROPHIL 83, PLATELET COUNT 1.97, R B C (RED BLOOD CELLS) 2.37, TOTAL LEUCOCYTE COUNT
(TLC) 11500, RDW 14.7, PACKED CELL VOLUME 20.2, CHLORIDE 99.2, ELECTROLYTES *, POTASSIUM
5.20, SODIUM 138.0, A/G RATIO 0.8, SERUM ALKALINE PHOSPHATASE 122, ALT/SGPT 20, AST / SGOT
17, CONJUGATED (D. BILIRUBIN) 0.39, SERUM GLOBULIN 3.7, SERUM ALBUMIN 3.1, TOTAL BILIRUBIN
0.50, TOTAL PROTEIN 6.8, BILIRUBIN,INDIRECT 0.10, BLOOD UREA 85, BLOOD UREA NITROGEN (BUN)
42.5, RENAL FUNCTION TEST *, SERUM CREATININE 2.80, SERUM URIC ACID 7.49,
( 2024-04-25 )
BASOPHIL 00, COMPLETE BLOOD COUNTS *, DIFFERENTIAL LEUCOCYTE COUNT *, EOSINOPHIL 02,
HAEMOGLOBIN (HB) 7.8, LYMPHOCYTES 22, M C H 30.0, M C H C 35.0, M C V 85.8, MONOCYTE 07,
NEUTROPHIL 69, PLATELET COUNT 2.56, R B C (RED BLOOD CELLS) 2.59, TOTAL LEUCOCYTE COUNT
(TLC) 8900, RDW 15.0, PACKED CELL VOLUME 22.2,
( 2024-04-26 )
HBA1C 5.9,
( 2024-04-27 )
BASOPHIL 00, COMPLETE BLOOD COUNTS *, DIFFERENTIAL LEUCOCYTE COUNT *, EOSINOPHIL 02,
HAEMOGLOBIN (HB) 8.2, LYMPHOCYTES 27, M C H 30.1, M C H C 35.0, M C V 86.1, MONOCYTE 07,
NEUTROPHIL 64, PLATELET COUNT 2.90, R B C (RED BLOOD CELLS) 2.71, TOTAL LEUCOCYTE COUNT
(TLC) 12200, RDW 15.0, PACKED CELL VOLUME 23.3, BLOOD UREA 40.0, BLOOD UREA NITROGEN (BUN)
20.0, RENAL FUNCTION TEST *, SERUM CREATININE 2.78, SERUM URIC ACID 3.23,
ADVICE ON DISCHARGE MEDICINE Dose Frequency Morning Noon Evening Night Days
1 TAB. FAROBACT 200MG TWICE A DAY Yes No No Yes 5
2 TAB. LIVGEN OD 1 TAB ONCE A DAY Yes No No No 30
3 TAB. SEVCAR 800MG TWICE A DAY WITH Yes No No Yes 5
4 TAB. PAN 40MG MEA Yes No No No 5
5 SYRUP CREMAFIN 15ML ONCE A DAY No No No Yes 5
6 TAB. LINAGLIPTIN 5MG AT NIGHT {SOS} Yes No No No 5
ONCE A DAY
Page 3 of 4
",66,Female,Acute On Ckd,"fever, vomiting, pain",Not available,"4 TAB. PAN 40MG MEA Yes No No No 5, ONCE A DAY, Page 3 of 4"
